response_set_id,parent_response_set_id,date_time,page,user,branch,desk,library,Contact Type,Contact Type (text),Question Type,Question Type (text),Reference   Research Type,Reference   Research Type (text),Reference   Research Type 2,Reference   Research Type 2 (text),Time Spent in minutes,Comment,Reference   Research Type 3,Reference   Research Type 3 (text),Reference   Research Type 4,Reference   Research Type 4 (text)
"43050","","2016-10-10 14:27:52","Interdisciplinary Researc","RefBuddy","Interdisciplinary Research Collaboratory","Interdisciplinary Research Collaboratory Desk","University of California, Santa Barbara","In Person","","Reference / Research Assistance","","Content","","Referred to Subject Librarian","","10","Crimson Hexagon query re: 100 Twitter pickup for Korean keywords, 0 for Facebook. Referred to Shari Laster.","","","",""
"43106","","2016-10-10 15:55:16","Interdisciplinary Researc","RefBuddy","Interdisciplinary Research Collaboratory","Interdisciplinary Research Collaboratory Desk","University of California, Santa Barbara","In Person","","Reference / Research Assistance","","Content","","","","10","Crimson Hexagon odd results.","","","",""
"43161","","2016-10-10 18:57:35","Interdisciplinary Researc","RefBuddy","Interdisciplinary Research Collaboratory","Interdisciplinary Research Collaboratory Desk","University of California, Santa Barbara","Collab email","","Reference / Research Assistance","","","","","","","census ILL questions to the collab email!","","","",""
"43447","","2016-10-11 14:50:00","Interdisciplinary Researc","RefBuddy","Interdisciplinary Research Collaboratory","Interdisciplinary Research Collaboratory Desk","University of California, Santa Barbara","In Person","","Reference / Research Assistance","","Other","web hosting","","","15","Where can I get a ucsb.edu website for my work I need to collect data via the web.","","","",""
"43421","","2016-10-11 19:43:52","Interdisciplinary Researc","RefBuddy","Interdisciplinary Research Collaboratory","Interdisciplinary Research Collaboratory Desk","University of California, Santa Barbara","In Person","","Directional / Informational","","","","","","","","","","",""
"43580","","2016-10-12 15:20:49","Interdisciplinary Researc","RefBuddy","Interdisciplinary Research Collaboratory","Interdisciplinary Research Collaboratory Desk","University of California, Santa Barbara","In Person","","Directional / Informational","","Content","","","","5","patron from technology management program prof leonardi instructed to come to collab for access to thomson reuters one 101116.... mentione datastream, not what they are looking for","","","",""
"43581","","2016-10-12 15:20:59","Interdisciplinary Researc","RefBuddy","Interdisciplinary Research Collaboratory","Interdisciplinary Research Collaboratory Desk","University of California, Santa Barbara","In Person","","Directional / Informational","","Content","","","","5","patron from technology management program prof leonardi instructed to come to collab for access to thomson reuters one 101216.... mentione datastream, not what they are looking for","","","",""
"43590","","2016-10-12 16:06:24","Interdisciplinary Researc","RefBuddy","Interdisciplinary Research Collaboratory","Interdisciplinary Research Collaboratory Desk","University of California, Santa Barbara","In Person","","Directional / Informational","","","","","","","","","","",""
"43613","","2016-10-12 17:12:29","Interdisciplinary Researc","RefBuddy","Interdisciplinary Research Collaboratory","Interdisciplinary Research Collaboratory Desk","University of California, Santa Barbara","In Person","","Reference / Research Assistance","","Software help","","Spatial","","45","detailed electoral data searching and scrubbing interaction.  eventual project is in R.","Content","","",""
"43786","","2016-10-13 13:26:01","Interdisciplinary Researc","RefBuddy","Interdisciplinary Research Collaboratory","Interdisciplinary Research Collaboratory Desk","University of California, Santa Barbara","In Person","","Directional / Informational","","","","","","","","","","",""
"43799","","2016-10-13 13:53:18","Interdisciplinary Researc","RefBuddy","Interdisciplinary Research Collaboratory","Interdisciplinary Research Collaboratory Desk","University of California, Santa Barbara","In Person","","Reference / Research Assistance","","Content","","","","","Logged user into Crimson Hexagon","","","",""
"43805","","2016-10-13 14:31:51","Interdisciplinary Researc","RefBuddy","Interdisciplinary Research Collaboratory","Interdisciplinary Research Collaboratory Desk","University of California, Santa Barbara","In Person","","Directional / Informational","","","","","","","","","","",""
"43825","","2016-10-13 16:00:02","Interdisciplinary Researc","RefBuddy","Interdisciplinary Research Collaboratory","Interdisciplinary Research Collaboratory Desk","University of California, Santa Barbara","In Person","","Directional / Informational","","","","","","","","","","",""
"43829","","2016-10-13 16:15:44","Interdisciplinary Researc","RefBuddy","Interdisciplinary Research Collaboratory","Interdisciplinary Research Collaboratory Desk","University of California, Santa Barbara","In Person","","Reference / Research Assistance","","Content","","","","30","Esri Consumer Spending data","","","",""
"43830","","2016-10-13 16:16:48","Interdisciplinary Researc","RefBuddy","Interdisciplinary Research Collaboratory","Interdisciplinary Research Collaboratory Desk","University of California, Santa Barbara","In Person","","Reference / Research Assistance","","Software help","","","","","","","","",""
"43831","","2016-10-13 16:26:58","Interdisciplinary Researc","RefBuddy","Interdisciplinary Research Collaboratory","Interdisciplinary Research Collaboratory Desk","University of California, Santa Barbara","Phone","","Directional / Informational","","","","","","","No answer from person calling","","","",""
"43856","","2016-10-13 19:04:35","Interdisciplinary Researc","RefBuddy","Interdisciplinary Research Collaboratory","Interdisciplinary Research Collaboratory Desk","University of California, Santa Barbara","In Person","","Directional / Informational","","","","","","","Asked where a room in the library was","","","",""
"43857","","2016-10-13 19:05:03","Interdisciplinary Researc","RefBuddy","Interdisciplinary Research Collaboratory","Interdisciplinary Research Collaboratory Desk","University of California, Santa Barbara","In Person","","Directional / Informational","","","","","","","Asked what the collaboratory was.","","","",""
"43938","","2016-10-14 15:21:16","Interdisciplinary Researc","RefBuddy","Interdisciplinary Research Collaboratory","Interdisciplinary Research Collaboratory Desk","University of California, Santa Barbara","In Person","","Reference / Research Assistance","","Software help","","","","","","","","",""
"43942","","2016-10-14 15:44:31","Interdisciplinary Researc","RefBuddy","Interdisciplinary Research Collaboratory","Interdisciplinary Research Collaboratory Desk","University of California, Santa Barbara","In Person","","Directional / Informational","","","","","","","","","","",""
"43943","","2016-10-14 16:16:58","Interdisciplinary Researc","RefBuddy","Interdisciplinary Research Collaboratory","Interdisciplinary Research Collaboratory Desk","University of California, Santa Barbara","In Person","","Directional / Informational","","","","","","","","","","",""
"43956","","2016-10-15 13:34:35","Interdisciplinary Researc","RefBuddy","Interdisciplinary Research Collaboratory","Interdisciplinary Research Collaboratory Desk","University of California, Santa Barbara","In Person","","Reference / Research Assistance","","Spatial","","","","5","Patron asked if we had a software called SBDart.","","","",""
"43981","","2016-10-15 16:42:59","Interdisciplinary Researc","RefBuddy","Interdisciplinary Research Collaboratory","Interdisciplinary Research Collaboratory Desk","University of California, Santa Barbara","In Person","","Reference / Research Assistance","","Software help","","","","60","Troubleshot and fixed a problem a patron had with their RStudio data.","","","",""
"44233","","2016-10-17 19:51:10","Interdisciplinary Researc","RefBuddy","Interdisciplinary Research Collaboratory","Interdisciplinary Research Collaboratory Desk","University of California, Santa Barbara","In Person","","Directional / Informational","","","","","","","","","","",""
"44411","","2016-10-18 13:01:52","Interdisciplinary Researc","RefBuddy","Interdisciplinary Research Collaboratory","Interdisciplinary Research Collaboratory Desk","University of California, Santa Barbara","In Person","","Directional / Informational","","","","","","","","","","",""
"44462","","2016-10-18 15:03:52","Interdisciplinary Researc","RefBuddy","Interdisciplinary Research Collaboratory","Interdisciplinary Research Collaboratory Desk","University of California, Santa Barbara","In Person","","Directional / Informational","","","","","","","","","","",""
"44666","","2016-10-19 16:21:00","Interdisciplinary Researc","RefBuddy","Interdisciplinary Research Collaboratory","Interdisciplinary Research Collaboratory Desk","University of California, Santa Barbara","In Person","","Directional / Informational","","Software help","","","","","Someone asked if we could install Mathematica","","","",""
"45085","","2016-10-21 14:25:37","Interdisciplinary Researc","RefBuddy","Interdisciplinary Research Collaboratory","Interdisciplinary Research Collaboratory Desk","University of California, Santa Barbara","In Person","","Directional / Informational","","","","","","","","","","",""
"45098","","2016-10-21 15:12:27","Interdisciplinary Researc","RefBuddy","Interdisciplinary Research Collaboratory","Interdisciplinary Research Collaboratory Desk","University of California, Santa Barbara","In Person","","Directional / Informational","","","","","","","","","","",""
"45101","","2016-10-21 15:16:44","Interdisciplinary Researc","RefBuddy","Interdisciplinary Research Collaboratory","Interdisciplinary Research Collaboratory Desk","University of California, Santa Barbara","In Person","","Directional / Informational","","","","","","","","","","",""
"45153","","2016-10-22 15:47:11","Interdisciplinary Researc","RefBuddy","Interdisciplinary Research Collaboratory","Interdisciplinary Research Collaboratory Desk","University of California, Santa Barbara","In Person","","Directional / Informational","","","","","","10","Lost a lanyard with an important key. Cant find in collab, patron thinks someone might have stolen it","","","",""
"45161","","2016-10-22 17:05:59","Interdisciplinary Researc","RefBuddy","Interdisciplinary Research Collaboratory","Interdisciplinary Research Collaboratory Desk","University of California, Santa Barbara","In Person","","Directional / Informational","","Software help","","","","90","Assisted patron with InDesign","","","",""
"45204","","2016-10-23 16:57:00","Interdisciplinary Researc","RefBuddy","Interdisciplinary Research Collaboratory","Interdisciplinary Research Collaboratory Desk","University of California, Santa Barbara","In Person","","Reference / Research Assistance","","Content","","","","2","Logged patron into Crimson Hexagon","","","",""
"45207","","2016-10-23 18:10:59","Interdisciplinary Researc","RefBuddy","Interdisciplinary Research Collaboratory","Interdisciplinary Research Collaboratory Desk","University of California, Santa Barbara","In Person","","Directional / Informational","","","","","","","Student wished to use tables in the Collaboratory","","","",""
"45330","","2016-10-24 13:34:01","Interdisciplinary Researc","RefBuddy","Interdisciplinary Research Collaboratory","Interdisciplinary Research Collaboratory Desk","University of California, Santa Barbara","Personal Email","","Reference / Research Assistance","","Spatial","","Other","workshop details","","","","","",""
"45371","","2016-10-24 15:19:35","Interdisciplinary Researc","RefBuddy","Interdisciplinary Research Collaboratory","Interdisciplinary Research Collaboratory Desk","University of California, Santa Barbara","In Person","","Reference / Research Assistance","","Content","","","","1","","","","",""
"45417","","2016-10-24 17:54:33","Interdisciplinary Researc","RefBuddy","Interdisciplinary Research Collaboratory","Interdisciplinary Research Collaboratory Desk","University of California, Santa Barbara","In Person","","Directional / Informational","","","","","","","","","","",""
"45420","","2016-10-24 18:04:56","Interdisciplinary Researc","RefBuddy","Interdisciplinary Research Collaboratory","Interdisciplinary Research Collaboratory Desk","University of California, Santa Barbara","In Person","","Directional / Informational","","","","","","","","","","",""
"45427","","2016-10-24 18:58:44","Interdisciplinary Researc","RefBuddy","Interdisciplinary Research Collaboratory","Interdisciplinary Research Collaboratory Desk","University of California, Santa Barbara","In Person","","Directional / Informational","","","","","","","","","","",""
"45438","","2016-10-24 19:50:45","Interdisciplinary Researc","RefBuddy","Interdisciplinary Research Collaboratory","Interdisciplinary Research Collaboratory Desk","University of California, Santa Barbara","In Person","","Directional / Informational","","","","","","","","","","",""
"45439","","2016-10-24 19:53:45","Interdisciplinary Researc","RefBuddy","Interdisciplinary Research Collaboratory","Interdisciplinary Research Collaboratory Desk","University of California, Santa Barbara","In Person","","Directional / Informational","","","","","","","","","","",""
"45625","","2016-10-25 13:46:23","Interdisciplinary Researc","RefBuddy","Interdisciplinary Research Collaboratory","Interdisciplinary Research Collaboratory Desk","University of California, Santa Barbara","In Person","","Directional / Informational","","","","","","","","","","",""
"45634","","2016-10-25 14:02:31","Interdisciplinary Researc","RefBuddy","Interdisciplinary Research Collaboratory","Interdisciplinary Research Collaboratory Desk","University of California, Santa Barbara","In Person","","Directional / Informational","","","","","","","","","","",""
"45635","","2016-10-25 14:10:22","Interdisciplinary Researc","RefBuddy","Interdisciplinary Research Collaboratory","Interdisciplinary Research Collaboratory Desk","University of California, Santa Barbara","In Person","","Directional / Informational","","","","","","","","","","",""
"45636","","2016-10-25 14:12:40","Interdisciplinary Researc","RefBuddy","Interdisciplinary Research Collaboratory","Interdisciplinary Research Collaboratory Desk","University of California, Santa Barbara","In Person","","Directional / Informational","","","","","","","","","","",""
"45657","","2016-10-25 15:30:38","Interdisciplinary Researc","RefBuddy","Interdisciplinary Research Collaboratory","Interdisciplinary Research Collaboratory Desk","University of California, Santa Barbara","In Person","","Reference / Research Assistance","","Software help","","Statistics","","","","","","",""
"45681","","2016-10-25 16:24:44","Interdisciplinary Researc","RefBuddy","Interdisciplinary Research Collaboratory","Interdisciplinary Research Collaboratory Desk","University of California, Santa Barbara","In Person","","Directional / Informational","","","","","","","","","","",""
"45683","","2016-10-25 16:25:27","Interdisciplinary Researc","RefBuddy","Interdisciplinary Research Collaboratory","Interdisciplinary Research Collaboratory Desk","University of California, Santa Barbara","In Person","","Directional / Informational","","","","","","","","","","",""
"45802","","2016-10-26 13:27:37","Interdisciplinary Researc","RefBuddy","Interdisciplinary Research Collaboratory","Interdisciplinary Research Collaboratory Desk","University of California, Santa Barbara","Personal Email","","Reference / Research Assistance","","Statistics","","Content","","15","","","","",""
"45821","","2016-10-26 14:43:53","Interdisciplinary Researc","RefBuddy","Interdisciplinary Research Collaboratory","Interdisciplinary Research Collaboratory Desk","University of California, Santa Barbara","In Person","","Reference / Research Assistance","","Other","workstation","","","2","","","","",""
"45822","","2016-10-26 14:44:02","Interdisciplinary Researc","RefBuddy","Interdisciplinary Research Collaboratory","Interdisciplinary Research Collaboratory Desk","University of California, Santa Barbara","In Person","","Reference / Research Assistance","","Content","","","","60","","","","",""
"45823","","2016-10-26 14:44:16","Interdisciplinary Researc","RefBuddy","Interdisciplinary Research Collaboratory","Interdisciplinary Research Collaboratory Desk","University of California, Santa Barbara","Personal Email","","Reference / Research Assistance","","Content","","","","5","","","","",""
"45874","","2016-10-26 17:15:00","Interdisciplinary Researc","RefBuddy","Interdisciplinary Research Collaboratory","Interdisciplinary Research Collaboratory Desk","University of California, Santa Barbara","In Person","","Directional / Informational","","Software help","","","","","Patron asked if Acrobat is installed on computers","","","",""
"46124","","2016-10-28 13:39:43","Interdisciplinary Researc","RefBuddy","Interdisciplinary Research Collaboratory","Interdisciplinary Research Collaboratory Desk","University of California, Santa Barbara","Collab email","","Directional / Informational","","","","","","","","","","",""
"46126","","2016-10-28 13:50:19","Interdisciplinary Researc","RefBuddy","Interdisciplinary Research Collaboratory","Interdisciplinary Research Collaboratory Desk","University of California, Santa Barbara","Phone","","Reference / Research Assistance","","Statistics","","","","10","Asking for help involving data","","","",""
"46145","","2016-10-28 15:52:03","Interdisciplinary Researc","RefBuddy","Interdisciplinary Research Collaboratory","Interdisciplinary Research Collaboratory Desk","University of California, Santa Barbara","In Person","","Reference / Research Assistance","","Content","","","","","","","","",""
"46173","","2016-10-29 14:00:54","Interdisciplinary Researc","RefBuddy","Interdisciplinary Research Collaboratory","Interdisciplinary Research Collaboratory Desk","University of California, Santa Barbara","Phone","","Reference / Research Assistance","","Software help","","","","","Phone call regarding InDesign on a computer downstairs","","","",""
"46174","","2016-10-29 14:10:48","Interdisciplinary Researc","RefBuddy","Interdisciplinary Research Collaboratory","Interdisciplinary Research Collaboratory Desk","University of California, Santa Barbara","In Person","","Reference / Research Assistance","","Software help","","","","","Patron attempted to save file to desktop through ArcMap, was unable to. Further details on shift log","","","",""
"46197","","2016-10-29 15:48:59","Interdisciplinary Researc","RefBuddy","Interdisciplinary Research Collaboratory","Interdisciplinary Research Collaboratory Desk","University of California, Santa Barbara","In Person","","Reference / Research Assistance","","Software help","","","","60","Assisted an alum in using Adobe Illustrator","","","",""
"46316","","2016-10-30 19:49:14","Interdisciplinary Researc","RefBuddy","Interdisciplinary Research Collaboratory","Interdisciplinary Research Collaboratory Desk","University of California, Santa Barbara","In Person","","Directional / Informational","","","","","","","Patron asked if Collaboratory computers have Adobe Premiere or Vegas Pro installed.","","","",""
"46508","","2016-10-31 18:03:45","Interdisciplinary Researc","RefBuddy","Interdisciplinary Research Collaboratory","Interdisciplinary Research Collaboratory Desk","University of California, Santa Barbara","In Person","","Reference / Research Assistance","","Content","","","","","","","","",""
"46509","","2016-10-31 18:06:50","Interdisciplinary Researc","RefBuddy","Interdisciplinary Research Collaboratory","Interdisciplinary Research Collaboratory Desk","University of California, Santa Barbara","In Person","","Directional / Informational","","","","","","","","","","",""
"46614","","2016-11-01 13:21:58","Interdisciplinary Researc","RefBuddy","Interdisciplinary Research Collaboratory","Interdisciplinary Research Collaboratory Desk","University of California, Santa Barbara","In Person","","Directional / Informational","","","","","","","","","","",""
"46679","","2016-11-01 16:54:18","Interdisciplinary Researc","RefBuddy","Interdisciplinary Research Collaboratory","Interdisciplinary Research Collaboratory Desk","University of California, Santa Barbara","In Person","","Reference / Research Assistance","","Content","","","","","","","","",""
"46864","","2016-11-02 17:09:52","Interdisciplinary Researc","RefBuddy","Interdisciplinary Research Collaboratory","Interdisciplinary Research Collaboratory Desk","University of California, Santa Barbara","In Person","","Reference / Research Assistance","","Software help","","","","","","","","",""
"46865","","2016-11-02 17:09:53","Interdisciplinary Researc","RefBuddy","Interdisciplinary Research Collaboratory","Interdisciplinary Research Collaboratory Desk","University of California, Santa Barbara","In Person","","Directional / Informational","","","","","","","","","","",""
"47046","","2016-11-03 13:50:00","Interdisciplinary Researc","RefBuddy","Interdisciplinary Research Collaboratory","Interdisciplinary Research Collaboratory Desk","University of California, Santa Barbara","In Person","","Directional / Informational","","","","","","","","","","",""
"47054","","2016-11-03 14:18:11","Interdisciplinary Researc","RefBuddy","Interdisciplinary Research Collaboratory","Interdisciplinary Research Collaboratory Desk","University of California, Santa Barbara","In Person","","Reference / Research Assistance","","Statistics","","Spatial","","15","","","","",""
"47208","","2016-11-04 15:36:18","Interdisciplinary Researc","RefBuddy","Interdisciplinary Research Collaboratory","Interdisciplinary Research Collaboratory Desk","University of California, Santa Barbara","In Person","","Reference / Research Assistance","","Spatial","","","","40","Interactive Campus Map data","","","",""
"47211","","2016-11-04 15:49:12","Interdisciplinary Researc","RefBuddy","Interdisciplinary Research Collaboratory","Interdisciplinary Research Collaboratory Desk","University of California, Santa Barbara","In Person","","Reference / Research Assistance","","Content","","","","","","","","",""
"47212","","2016-11-04 15:49:15","Interdisciplinary Researc","RefBuddy","Interdisciplinary Research Collaboratory","Interdisciplinary Research Collaboratory Desk","University of California, Santa Barbara","In Person","","Directional / Informational","","","","","","","","","","",""
"47432","","2016-11-07 13:37:47","Interdisciplinary Researc","RefBuddy","Interdisciplinary Research Collaboratory","Interdisciplinary Research Collaboratory Desk","University of California, Santa Barbara","In Person","","Reference / Research Assistance","","Content","","","","45","","","","",""
"47458","","2016-11-07 14:58:22","Interdisciplinary Researc","RefBuddy","Interdisciplinary Research Collaboratory","Interdisciplinary Research Collaboratory Desk","University of California, Santa Barbara","In Person","","Reference / Research Assistance","","Content","","","","30","","","","",""
"47920","","2016-11-07 16:26:00","Interdisciplinary Researc","RefBuddy","Interdisciplinary Research Collaboratory","Interdisciplinary Research Collaboratory Desk","University of California, Santa Barbara","In Person","","Reference / Research Assistance","","Spatial","","","","45","","","","",""
"47768","","2016-11-08 16:48:31","Interdisciplinary Researc","RefBuddy","Interdisciplinary Research Collaboratory","Interdisciplinary Research Collaboratory Desk","University of California, Santa Barbara","In Person","","Directional / Informational","","","","","","","","","","",""
"47919","","2016-11-09 16:26:21","Interdisciplinary Researc","RefBuddy","Interdisciplinary Research Collaboratory","Interdisciplinary Research Collaboratory Desk","University of California, Santa Barbara","In Person","","Reference / Research Assistance","","Content","","","","5","access to datasets requiring registration. turned out to be a private issue.","","","",""
"48458","","2016-11-14 19:54:57","Interdisciplinary Researc","RefBuddy","Interdisciplinary Research Collaboratory","Interdisciplinary Research Collaboratory Desk","University of California, Santa Barbara","In Person","","Directional / Informational","","","","","","","","","","",""
"48587","","2016-11-15 14:06:05","Interdisciplinary Researc","RefBuddy","Interdisciplinary Research Collaboratory","Interdisciplinary Research Collaboratory Desk","University of California, Santa Barbara","In Person","","Reference / Research Assistance","","Content","","","","","","","","",""
"48603","","2016-11-15 15:19:21","Interdisciplinary Researc","RefBuddy","Interdisciplinary Research Collaboratory","Interdisciplinary Research Collaboratory Desk","University of California, Santa Barbara","In Person","","Directional / Informational","","","","","","","","","","",""
"48610","","2016-11-15 15:32:30","Interdisciplinary Researc","RefBuddy","Interdisciplinary Research Collaboratory","Interdisciplinary Research Collaboratory Desk","University of California, Santa Barbara","In Person","","Reference / Research Assistance","","Statistics","","","","","","","","",""
"48884","","2016-11-17 19:32:02","Interdisciplinary Researc","RefBuddy","Interdisciplinary Research Collaboratory","Interdisciplinary Research Collaboratory Desk","University of California, Santa Barbara","In Person","","Directional / Informational","","","","","","","Use stapler","","","",""
"48953","","2016-11-18 14:56:03","Interdisciplinary Researc","RefBuddy","Interdisciplinary Research Collaboratory","Interdisciplinary Research Collaboratory Desk","University of California, Santa Barbara","In Person","","Directional / Informational","","","","","","","Nearby vending machines","","","",""
"48960","","2016-11-18 16:37:35","Interdisciplinary Researc","RefBuddy","Interdisciplinary Research Collaboratory","Interdisciplinary Research Collaboratory Desk","University of California, Santa Barbara","In Person","","Directional / Informational","","","","","","","Locate where a book can be found","","","",""
"48994","","2016-11-19 15:52:01","Interdisciplinary Researc","RefBuddy","Interdisciplinary Research Collaboratory","Interdisciplinary Research Collaboratory Desk","University of California, Santa Barbara","In Person","","Reference / Research Assistance","","Content","","","","","","","","",""
"48995","","2016-11-19 15:52:03","Interdisciplinary Researc","RefBuddy","Interdisciplinary Research Collaboratory","Interdisciplinary Research Collaboratory Desk","University of California, Santa Barbara","In Person","","Directional / Informational","","","","","","","","","","",""
"48996","","2016-11-19 15:55:33","Interdisciplinary Researc","RefBuddy","Interdisciplinary Research Collaboratory","Interdisciplinary Research Collaboratory Desk","University of California, Santa Barbara","In Person","","Directional / Informational","","","","","","","","","","",""
"49000","","2016-11-19 16:17:18","Interdisciplinary Researc","RefBuddy","Interdisciplinary Research Collaboratory","Interdisciplinary Research Collaboratory Desk","University of California, Santa Barbara","In Person","","Directional / Informational","","","","","","","","","","",""
"49110","","2016-11-21 14:16:25","Interdisciplinary Researc","RefBuddy","Interdisciplinary Research Collaboratory","Interdisciplinary Research Collaboratory Desk","University of California, Santa Barbara","Personal Email","","Reference / Research Assistance","","Other","DH stuff","","","15","","","","",""
"49111","","2016-11-21 14:16:58","Interdisciplinary Researc","RefBuddy","Interdisciplinary Research Collaboratory","Interdisciplinary Research Collaboratory Desk","University of California, Santa Barbara","In Person","","Reference / Research Assistance","","Content","","","","20","twarc","","","",""
"49183","","2016-11-22 08:32:41","Interdisciplinary Researc","RefBuddy","Interdisciplinary Research Collaboratory","Interdisciplinary Research Collaboratory Desk","University of California, Santa Barbara","Personal Email","","Reference / Research Assistance","","Content","","","","2","","","","",""
"49367","","2016-11-22 14:16:41","Interdisciplinary Researc","RefBuddy","Interdisciplinary Research Collaboratory","Interdisciplinary Research Collaboratory Desk","University of California, Santa Barbara","In Person","","Reference / Research Assistance","","Software help","","Statistics","","","","Referred to Subject Librarian","","Other","Request to update software"
"49371","","2016-11-22 14:40:23","Interdisciplinary Researc","RefBuddy","Interdisciplinary Research Collaboratory","Interdisciplinary Research Collaboratory Desk","University of California, Santa Barbara","In Person","","Directional / Informational","","","","","","","","","","",""
"49387","","2016-11-22 16:20:17","Interdisciplinary Researc","RefBuddy","Interdisciplinary Research Collaboratory","Interdisciplinary Research Collaboratory Desk","University of California, Santa Barbara","In Person","","Reference / Research Assistance","","Content","","","","","","","","",""
"49468","","2016-11-23 15:49:42","Interdisciplinary Researc","RefBuddy","Interdisciplinary Research Collaboratory","Interdisciplinary Research Collaboratory Desk","University of California, Santa Barbara","In Person","","Reference / Research Assistance","","Content","","","","45","demographic data","","","",""
"49724","","2016-11-23 16:31:00","Interdisciplinary Researc","RefBuddy","Interdisciplinary Research Collaboratory","Interdisciplinary Research Collaboratory Desk","University of California, Santa Barbara","Phone","","Reference / Research Assistance","","Software help","","","","30","","","","",""
"49698","","2016-11-28 15:07:47","Interdisciplinary Researc","RefBuddy","Interdisciplinary Research Collaboratory","Interdisciplinary Research Collaboratory Desk","University of California, Santa Barbara","In Person","","Reference / Research Assistance","","Content","","Other","workshops","60","","","","",""
"49723","","2016-11-28 16:29:27","Interdisciplinary Researc","RefBuddy","Interdisciplinary Research Collaboratory","Interdisciplinary Research Collaboratory Desk","University of California, Santa Barbara","In Person","","Reference / Research Assistance","","Software help","","","","75","onsite  zoom","","","",""
"49768","","2016-11-28 18:21:23","Interdisciplinary Researc","RefBuddy","Interdisciplinary Research Collaboratory","Interdisciplinary Research Collaboratory Desk","University of California, Santa Barbara","In Person","","Directional / Informational","","","","","","","","","","",""
"49783","","2016-11-28 19:14:43","Interdisciplinary Researc","RefBuddy","Interdisciplinary Research Collaboratory","Interdisciplinary Research Collaboratory Desk","University of California, Santa Barbara","In Person","","Directional / Informational","","","","","","","","","","",""
"49785","","2016-11-28 19:23:07","Interdisciplinary Researc","RefBuddy","Interdisciplinary Research Collaboratory","Interdisciplinary Research Collaboratory Desk","University of California, Santa Barbara","In Person","","Directional / Informational","","","","","","","","","","",""
"49790","","2016-11-28 19:51:37","Interdisciplinary Researc","RefBuddy","Interdisciplinary Research Collaboratory","Interdisciplinary Research Collaboratory Desk","University of California, Santa Barbara","In Person","","Directional / Informational","","","","","","","","","","",""
"49912","","2016-11-29 13:11:03","Interdisciplinary Researc","RefBuddy","Interdisciplinary Research Collaboratory","Interdisciplinary Research Collaboratory Desk","University of California, Santa Barbara","In Person","","Directional / Informational","","","","","","","","","","",""
"49915","","2016-11-29 13:20:44","Interdisciplinary Researc","RefBuddy","Interdisciplinary Research Collaboratory","Interdisciplinary Research Collaboratory Desk","University of California, Santa Barbara","In Person","","Reference / Research Assistance","","Content","","","","","","","","",""
"49933","","2016-11-29 14:03:49","Interdisciplinary Researc","RefBuddy","Interdisciplinary Research Collaboratory","Interdisciplinary Research Collaboratory Desk","University of California, Santa Barbara","In Person","","Reference / Research Assistance","","Content","","","","","","","","",""
"49934","","2016-11-29 14:03:51","Interdisciplinary Researc","RefBuddy","Interdisciplinary Research Collaboratory","Interdisciplinary Research Collaboratory Desk","University of California, Santa Barbara","In Person","","Directional / Informational","","","","","","","","","","",""
"49973","","2016-11-29 14:54:45","Interdisciplinary Researc","RefBuddy","Interdisciplinary Research Collaboratory","Interdisciplinary Research Collaboratory Desk","University of California, Santa Barbara","In Person","","Directional / Informational","","","","","","","","","","",""
"49992","","2016-11-29 15:46:46","Interdisciplinary Researc","RefBuddy","Interdisciplinary Research Collaboratory","Interdisciplinary Research Collaboratory Desk","University of California, Santa Barbara","In Person","","Directional / Informational","","","","","","","","","","",""
"49993","","2016-11-29 15:47:43","Interdisciplinary Researc","RefBuddy","Interdisciplinary Research Collaboratory","Interdisciplinary Research Collaboratory Desk","University of California, Santa Barbara","In Person","","Directional / Informational","","","","","","","","","","",""
"50006","","2016-11-29 16:55:23","Interdisciplinary Researc","RefBuddy","Interdisciplinary Research Collaboratory","Interdisciplinary Research Collaboratory Desk","University of California, Santa Barbara","In Person","","Directional / Informational","","","","","","","","","","",""
"50348","","2016-12-01 09:14:00","Interdisciplinary Researc","RefBuddy","Interdisciplinary Research Collaboratory","Interdisciplinary Research Collaboratory Desk","University of California, Santa Barbara","Personal Email","","Reference / Research Assistance","","Content","","","","10","CH","","","",""
"50339","","2016-12-01 13:36:09","Interdisciplinary Researc","RefBuddy","Interdisciplinary Research Collaboratory","Interdisciplinary Research Collaboratory Desk","University of California, Santa Barbara","In Person","","Directional / Informational","","","","","","","","","","",""
"50349","","2016-12-01 13:51:47","Interdisciplinary Researc","RefBuddy","Interdisciplinary Research Collaboratory","Interdisciplinary Research Collaboratory Desk","University of California, Santa Barbara","In Person","","Reference / Research Assistance","","Content","","","","15","demographic data","","","",""
"50369","","2016-12-01 15:07:25","Interdisciplinary Researc","RefBuddy","Interdisciplinary Research Collaboratory","Interdisciplinary Research Collaboratory Desk","University of California, Santa Barbara","In Person","","Reference / Research Assistance","","Software help","","","","10","","","","",""
"50494","","2016-12-02 15:10:12","Interdisciplinary Researc","RefBuddy","Interdisciplinary Research Collaboratory","Interdisciplinary Research Collaboratory Desk","University of California, Santa Barbara","In Person","","Directional / Informational","","","","","","","","","","",""
"50509","","2016-12-02 16:32:40","Interdisciplinary Researc","RefBuddy","Interdisciplinary Research Collaboratory","Interdisciplinary Research Collaboratory Desk","University of California, Santa Barbara","In Person","","Directional / Informational","","","","","","","","","","",""
"50516","","2016-12-02 16:46:08","Interdisciplinary Researc","RefBuddy","Interdisciplinary Research Collaboratory","Interdisciplinary Research Collaboratory Desk","University of California, Santa Barbara","In Person","","Directional / Informational","","","","","","","","","","",""
"50518","","2016-12-02 16:56:22","Interdisciplinary Researc","RefBuddy","Interdisciplinary Research Collaboratory","Interdisciplinary Research Collaboratory Desk","University of California, Santa Barbara","In Person","","Directional / Informational","","","","","","","","","","",""
"50650","","2016-12-04 17:11:39","Interdisciplinary Researc","RefBuddy","Interdisciplinary Research Collaboratory","Interdisciplinary Research Collaboratory Desk","University of California, Santa Barbara","In Person","","Reference / Research Assistance","","Software help","","","","","MATLAB","","","",""
"50651","","2016-12-04 17:13:40","Interdisciplinary Researc","RefBuddy","Interdisciplinary Research Collaboratory","Interdisciplinary Research Collaboratory Desk","University of California, Santa Barbara","In Person","","Directional / Informational","","","","","","","","","","",""
"50818","","2016-12-05 16:09:07","Interdisciplinary Researc","RefBuddy","Interdisciplinary Research Collaboratory","Interdisciplinary Research Collaboratory Desk","University of California, Santa Barbara","In Person","","Directional / Informational","","","","","","","","","","",""
"50912","","2016-12-06 12:59:32","Interdisciplinary Researc","RefBuddy","Interdisciplinary Research Collaboratory","Interdisciplinary Research Collaboratory Desk","University of California, Santa Barbara","In Person","","Directional / Informational","","","","","","","","","","",""
"50915","","2016-12-06 13:26:25","Interdisciplinary Researc","RefBuddy","Interdisciplinary Research Collaboratory","Interdisciplinary Research Collaboratory Desk","University of California, Santa Barbara","In Person","","Reference / Research Assistance","","Content","","","","","","","","",""
"51093","","2016-12-08 09:30:04","Interdisciplinary Researc","RefBuddy","Interdisciplinary Research Collaboratory","Interdisciplinary Research Collaboratory Desk","University of California, Santa Barbara","Personal Email","","Reference / Research Assistance","","Content","","","","30","","","","",""
"51177","","2016-12-08 13:00:00","Interdisciplinary Researc","RefBuddy","Interdisciplinary Research Collaboratory","Interdisciplinary Research Collaboratory Desk","University of California, Santa Barbara","In Person","","Reference / Research Assistance","","Software help","","Content","","45","","","","",""
"51114","","2016-12-08 13:15:55","Interdisciplinary Researc","RefBuddy","Interdisciplinary Research Collaboratory","Interdisciplinary Research Collaboratory Desk","University of California, Santa Barbara","In Person","","Directional / Informational","","","","","","","","","","",""
"51121","","2016-12-08 14:33:33","Interdisciplinary Researc","RefBuddy","Interdisciplinary Research Collaboratory","Interdisciplinary Research Collaboratory Desk","University of California, Santa Barbara","In Person","","Directional / Informational","","","","","","","","","","",""
"51122","","2016-12-08 14:34:48","Interdisciplinary Researc","RefBuddy","Interdisciplinary Research Collaboratory","Interdisciplinary Research Collaboratory Desk","University of California, Santa Barbara","In Person","","Directional / Informational","","","","","","","","","","",""
"51176","","2016-12-09 15:07:58","Interdisciplinary Researc","RefBuddy","Interdisciplinary Research Collaboratory","Interdisciplinary Research Collaboratory Desk","University of California, Santa Barbara","In Person","","Directional / Informational","","","","","","5","","","","",""
"51180","","2016-12-09 15:22:15","Interdisciplinary Researc","RefBuddy","Interdisciplinary Research Collaboratory","Interdisciplinary Research Collaboratory Desk","University of California, Santa Barbara","In Person","","Directional / Informational","","","","","","","","","","",""
"51188","","2016-12-09 16:00:00","Interdisciplinary Researc","RefBuddy","Interdisciplinary Research Collaboratory","Interdisciplinary Research Collaboratory Desk","University of California, Santa Barbara","In Person","","Reference / Research Assistance","","Content","","","","20","","","","",""
"51187","","2016-12-09 16:35:41","Interdisciplinary Researc","RefBuddy","Interdisciplinary Research Collaboratory","Interdisciplinary Research Collaboratory Desk","University of California, Santa Barbara","In Person","","Directional / Informational","","","","","","","","","","",""
"51377","","2016-12-12 14:21:00","Interdisciplinary Researc","RefBuddy","Interdisciplinary Research Collaboratory","Interdisciplinary Research Collaboratory Desk","University of California, Santa Barbara","In Person","","Reference / Research Assistance","","Spatial","","","","40","","","","",""
"51378","","2016-12-13 10:00:00","Interdisciplinary Researc","RefBuddy","Interdisciplinary Research Collaboratory","Interdisciplinary Research Collaboratory Desk","University of California, Santa Barbara","In Person","","Reference / Research Assistance","","Spatial","","","","90","historic GIS","","","",""
"51379","","2016-12-16 14:23:45","Interdisciplinary Researc","RefBuddy","Interdisciplinary Research Collaboratory","Interdisciplinary Research Collaboratory Desk","University of California, Santa Barbara","In Person","","Reference / Research Assistance","","Software help","","Spatial","","10","","","","",""
